freq_Hz,mag,phase_deg
10.0,0.999980261375633,-0.3599952627020995
10.471285480508996,0.9999783570905829,-0.3769608381650129
10.964781961431852,0.9999762690960502,-0.3947259056665856
11.48153621496883,0.9999739796706044,-0.4133281336024042
12.022644346174133,0.9999714693835948,-0.4328069640689096
12.589254117941676,0.9999687169303517,-0.4532036962248722
13.182567385564077,0.9999656989515083,-0.4745615735474371
13.803842646028857,0.9999623898349168,-0.49692587516123377
14.454397707459284,0.9999587614984847,-0.5203440114267033
15.135612484362092,0.9999547831520937,-0.5448656239817181
15.848931924611147,0.9999504210365951,-0.5705426904387181
16.59586907437562,0.9999456381376753,-0.5974296339480012
17.37800828749377,0.9999403938721779,-0.6255834378464233
18.19700858609985,0.9999346437442403,-0.6550637656196099
19.05460717963249,0.9999283389683452,-0.6859330864148232
19.95262314968882,0.9999214260561153,-0.7182568063508391
20.89296130854042,0.9999138463633722,-0.7521034058805449
21.877616239495556,0.9999055355936584,-0.7875445834714407
22.908676527677763,0.999896423254048,-0.8246554058787521
23.98832919019494,0.9998864320586838,-0.8635144652954044
25.118864315095838,0.9998754772750462,-0.904204043672609
26.30267991895386,0.9998634660074801,-0.9468102845141558
27.542287033381708,0.9998502964119961,-0.9914233724566767
28.84031503126611,0.9998358568357953,-1.038137720956932
30.199517204020214,0.9998200248743515,-1.087052168415569
31.62277660168385,0.9998026663382116,-1.1382701830745412
33.11311214825917,0.9997836341209467,-1.1919000770323962
34.67368504525323,0.9997627669588809,-1.2480552297276328
36.307805477010206,0.9997398880723588,-1.306854321245156
38.018939632056195,0.999714803677367,-1.3684215758041611
39.810717055349805,0.9996873013552877,-1.4328870157873077
41.686938347033625,0.99965714826745,-1.5003867266703643
43.65158322401669,0.9996240891999212,-1.5710631332082718
45.7088189614876,0.9995878444226644,-1.6450652872271911
47.86300923226394,0.9995481073457587,-1.7225491673621052
50.118723362727344,0.9995045419538237,-1.8036779910652012
52.480746024977385,0.9994567799981273,-1.8886225391908658
54.95408738576259,0.9994044179240408,-1.9775614934377854
57.54399373371584,0.999347013509561,-2.0706817868963925
60.25595860743593,0.9992840821885375,-2.16817896790959
63.09573444801949,0.9992150930299865,-2.2702575774050056
66.06934480075978,0.9991394643424854,-2.3771315397965544
69.18309709189384,0.9990565588700734,-2.489024567480038
72.44359600749921,0.9989656785433746,-2.6061705788600746
75.8577575029186,0.9988660587467615,-2.7288141297415502
79.4328234724284,0.998756862059363,-2.8572108577955855
83.17637711026737,0.9986371714245167,-2.991627939664958
87.09635899560836,0.9985059826989616,-3.1323445601037037
91.20108393559129,0.9983621965296353,-3.2796523923468537
95.49925860214393,0.9982046095024213,-3.4338560886748066
100.00000000000036,0.998031904503645,-3.5952737798681875
104.71285480509033,0.9978426402315522,-3.7642375819383407
109.6478196143189,0.9976352397915396,-3.9410941081599438
114.81536214968871,0.9974079783055644,-4.126204984019788
120.22644346174175,0.9971589694631201,-4.319947362222333
125.89254117941721,0.9968861509384775,-4.522714434350988
131.82567385564124,0.9965872685967887,-4.734915935165709
138.03842646028906,0.9962598594102824,-4.9569786348138996
144.54397707459336,0.9959012330054171,-5.189346813432762
151.35612484362147,0.9955084517627646,-5.432482711717541
158.48931924611205,0.9950783093939437,-5.6868669500104
165.95869074375682,0.9946073079245009,-5.952998907318423
173.78008287493836,0.9940916330187444,-6.231397050385136
181.9700858609992,0.9935271275927419,-6.522599201507157
190.54607179632563,0.9929092636756516,-6.827162732196023
199.52623149688893,0.9922331124980492,-7.145664668025836
208.92961308540498,0.9914933128098081,-7.478701688073044
218.77616239495634,0.9906840374603667,-7.826890000241536
229.08676527677846,0.9897989583120415,-8.190865071473901
239.8832919019503,0.9888312096035663,-8.571281189384212
251.18864315095934,0.987773349937696,-8.968810829221363
263.0267991895396,0.9866173231348574,-9.384143797307814
275.42287033381814,0.9853544182760189,-9.81798611923055
288.4031503126622,0.9839752293536572,-10.271058638138998
301.99517204020333,0.9824696150613926,-10.744095285596108
316.2277660168397,0.9808266593818513,-11.237840984624215
331.131121482593,0.9790346337796089,-11.753049142002771
346.7368504525337,0.977080961972266,-12.290478684657465
363.0780547701035,0.9749521884377268,-12.850890593311405
380.1893963205635,0.9726339520186145,-13.435043885669383
398.1071705534997,0.970110966203257,-14.043691001537326
416.869383470338,0.9673670078930416,-14.677572543747287
436.5158322401687,0.9643849167023972,-15.337411331911216
457.08818961487793,0.9611466070720637,-16.023905731252555
478.6300923226414,0.9576330956976667,-16.737722226481516
501.18723362727553,0.9538245469697002,-17.47948722132524
524.807460249776,0.949700339270113,-18.249778058329298
549.5408738576282,0.9452391550534494,-19.04911327131612
575.4399373371608,0.9404190976319984,-19.87794210474854
602.5595860743618,0.935217837456855,-20.736633360417645
630.9573444801975,0.9296127904103122,-21.62546366239169
660.6934480076005,0.9235813301693602,-22.544605265825137
691.8309709189413,0.9171010360369929,-23.49411357352228
724.4359600749951,0.9101499767441549,-24.47391456518705
758.5775750291891,0.9027070295859608,-25.483792386741477
794.3282347242872,0.894752232869767,-26.52337738915105
831.7637711026771,0.8862671680359229,-27.592134945560176
870.963589956087,0.8772353660027467,-28.689355409465687
912.0108393559166,0.8676427303491819,-29.814145602032113
954.9925860214431,0.857477967972762,-30.965422230166467
1000.0000000000076,0.8467330159648285,-32.14190763534226
1047.1285480509075,0.8354034517700457,-33.34212825342899
1096.4781961431934,0.8234888723988738,-34.56441612565297
1148.1536214968917,0.8109932276988638,-35.80691373902097
1202.2644346174222,0.7979250926104753,-37.067582391188665
1258.925411794177,0.7842978640533184,-38.34421417159529
1318.2567385564175,0.7701298696795202,-39.634447531249386
1380.3842646028959,0.7554443781994249,-40.9357862831269
1445.439770745939,0.7402695042640304,-42.24562174055254
1513.5612484362205,0.7246380048336428,-43.561257570088195
1584.8931924611265,0.7085869683561556,-44.87993681672705
1659.5869074375744,0.6921574026469265,-46.19887046069203
1737.80082874939,0.6753937317977597,-47.51526679390209
1819.7008586099987,0.6583432164334885,-48.82636086545859
1905.4607179632633,0.641055314897598,-50.12944324222489
1995.2623149688966,0.6235810052573109,-51.42188736297706
2089.2961308540575,0.6059720892282747,-52.70117483024659
2187.7616239495715,0.5882804991781683,-53.964918077995094
2290.867652767793,0.5705576283217221,-55.210879968886566
2398.832919019512,0.5528537021980605,-56.43699000419031
2511.8864315096025,0.5352172067240609,-57.641356963867985
2630.2679918954054,0.5176943847871459,-58.82227792612685
2754.2287033381913,0.5003288097364693,-59.97824373760139
2884.0315031266323,0.48316104050258607,-61.107941111763054
3019.951720402044,0.4662283596419628,-62.2102516202965
3162.2776601684086,0.4495645925385751,-63.28424790794954
3311.311214825942,0.4332000034221374,-64.32918750538083
3467.368504525349,0.4171612618490565,-65.34450463782866
3630.780547701048,0.401471471856377,-66.3298004321434
3801.8939632056486,0.38615025511773354,-67.28483191372716
3981.071705535011,0.37121387904950665,-68.20950016146033
4168.693834703395,0.35667542086043996,-69.10383795608448
4365.158322401702,0.342544958924035,-69.96799721892027
4570.881896148795,0.3288297834932959,-70.80223649604778
4786.30092322643,0.31553461958970497,-71.60690870054879
5011.872336272772,0.30266185580959154,-72.38244928400358
5248.074602497778,0.29021177373985046,-73.12936496956168
5495.4087385763005,0.2781827736124767,-73.84822314353403
5754.399373371627,0.26657159271715025,-74.53964197115985
6025.595860743639,0.25537351390803664,-75.20428127523448
6309.573444801997,0.24458256226974234,-75.84283419365045
6606.934480076027,0.23419168864065348,-76.45601961341175
6918.309709189436,0.22419293922861092,-77.04457536401851
7244.3596007499755,0.21457761099751085,-77.60925214189506
7585.775750291917,0.2053363928605612,-78.15080812931672
7943.282347242898,0.19645949299508572,-78.6700042656435
8317.637711026799,0.1879367528044043,-79.16760012516869
8709.635899560899,0.1797577482041385,-79.64435035414236
9120.108393559194,0.1719118790126987,-80.10100161917975
9549.925860214462,0.16438844728750215,-80.53829001999685
10000.000000000107,0.15717672547758824,-80.9569389209624
10471.285480509108,0.1502660152667622,-81.35765715808745
10964.781961431969,0.1436456979652624,-81.74113758060341
11481.536214968952,0.13730527727732014,-82.10805588905377
12022.64434617426,0.13123441523113036,-82.45906973472115
12589.25411794181,0.12542296201012224,-82.79481804813739
13182.567385564216,0.11986098037280057,-83.11592056730541
13803.842646029001,0.11453876529497942,-83.42297753904889
14454.397707459437,0.10944685941462583,-83.71656956955789
15135.612484362253,0.10457606480701324,-83.99725760269565
15848.931924611315,0.09991745156734493,-84.26558300695542
16595.869074375798,0.09546236363007236,-84.52206775410264
17378.008287493958,0.0912024222091866,-84.76721467450392
18197.008586100048,0.08712952720202984,-85.00150777593586
19054.607179632698,0.08323585686074172,-85.22541261428724
19952.623149689032,0.07951386600031182,-85.43937670602966
20892.961308540645,0.07595628298026347,-85.64382997364245
21877.61623949579,0.07255610566811722,-85.83918521634699
22908.67652767801,0.06930659656679515,-86.02583859954873
23988.3291901952,0.06620127726484369,-86.20417015730861
25118.86431509611,0.06323392234757058,-86.3745443029827
26302.679918954145,0.06039855288870377,-86.53731034388922
27542.287033382006,0.05768942962578983,-86.69280299649556
28840.31503126642,0.05510104590805668,-86.84134289917223
30199.51720402054,0.052628120492691506,-86.98323712004675
31622.776601684192,0.050265590254249655,-87.11877965791273
33113.112148259526,0.04800860286205881,-87.2482519345181
34673.6850452536,0.04585250947186146,-87.37192327687482
36307.805477010595,0.04379285747041524,-87.49005138850873
38018.93963205661,0.041825383305218525,-87.60288280880582
39810.71705535024,0.03994600542583859,-87.71065335981568
41686.938347034076,0.03815081735838821,-87.8135885800484
43651.58322401716,0.036436080930436175,-87.91190414494965
45708.8189614881,0.03479821965996385,-88.00580627386661
47863.00923226446,0.033233812318824864,-88.0954921234245
50118.72336272789,0.031739586678460684,-88.18115016732321
52480.746024977954,0.03031241344331818,-88.2629605626398
54954.08738576319,0.028949300375451965,-88.34109550278515
57543.99373371647,0.027647386612133586,-88.41571955731385
60255.95860743659,0.02640393717688976,-88.4869899988294
63095.73444802018,0.02521633768321944,-88.55505711725955
66069.3448007605,0.024082089229264907,-88.62006452180366
69183.0970918946,0.022998803480906247,-88.68214943087406
72443.5960075,0.021964197940092408,-88.7414429503688
75857.75750291943,0.020976091394690168,-88.79807034062372
79432.82347242926,0.020032399545711427,-88.852151272399
83176.37711026827,0.01913113080745103,-88.9038000722589
87096.35899560929,0.01827038227581899,-88.95312595770457
91201.08393559227,0.017448335859971496,-89.00023326241887
95499.25860214495,0.016663254572222775,-89.04522165197871
100000.00000000143,0.01591347897114747,-89.08818633038618
